Timestamp,How much have you currently spent?,How often do you play?,What are your spending habits?,When do you usually spend(orbs) on a banner? (just any given banner in general),How fast do you complete quests,How do you go about getting orb rewards,Have you let pity rates over 4.25 die?,"There's a new deal, you can buy a character you really want for a bulk sum of orbs, how many orbs are you willing to pay?"," Orb prices have decreased by 15% for a week, will you buy?","Your pity rate is 4.75 but this week orbs are 30% more expensive, will you buy?","Your pity rate is at 4.75 but the one time deals are 2 or 1, what do you choose"
2018/03/21 6:52:57 PM EST,1,2,0,0,0,0,0,0,0,0,0
2018/03/23 6:35:08 PM EST,1,2,1,2,0,1,1,70,0,0,0
2018/03/23 6:37:29 PM EST,1,0,2,1,1,0,1,100,0,0,1
2018/03/23 6:37:37 PM EST,1,2,1,1,1,0,0,0,1,0,0
2018/03/23 6:37:59 PM EST,1,2,0,2,0,1,0,100,0,0,0
2018/03/23 6:38:21 PM EST,0,2,0,2,0,1,0,50,0,0,0
2018/03/23 6:38:36 PM EST,1,2,1,2,1,0,1,200,1,1,2
2018/03/23 6:39:08 PM EST,1,2,0,2,1,0,0,40,0,0,0
2018/03/23 6:39:35 PM EST,1,1,2,0,0,0,1,75,1,0,2
2018/03/23 6:39:39 PM EST,1,2,1,1,0,0,0,40,1,0,1
2018/03/23 6:40:01 PM EST,1,2,1,1,1,0,1,0,0,0,2
2018/03/23 6:40:12 PM EST,0,2,0,4,0,0,1,0,0,0,0
2018/03/23 6:40:18 PM EST,0,2,0,0,0,0,1,100,0,0,0
2018/03/23 6:40:40 PM EST,1,2,2,2,0,1,1,45,1,0,2
2018/03/23 6:40:56 PM EST,1,2,1,1,1,0,2,75,1,0,1
2018/03/23 6:41:16 PM EST,1,2,2,1,0,0,2,20,1,0,1
2018/03/23 6:42:02 PM EST,1,2,2,2,1,0,0,40,1,0,2
2018/03/23 6:44:14 PM EST,1,2,1,2,0,1,0,50,1,0,2
2018/03/23 6:44:43 PM EST,0,2,0,1,1,0,0,50,0,0,0
2018/03/23 6:44:47 PM EST,0,2,0,1,1,0,0,75,0,0,0
2018/03/23 6:46:35 PM EST,1,2,2,0,0,0,0,0,1,0,2
2018/03/23 6:46:58 PM EST,0,2,0,2,1,0,0,0,1,0,0
2018/03/23 6:47:19 PM EST,1,0,1,1,0,1,2,40,1,1,1
2018/03/23 6:47:46 PM EST,1,2,1,3,1,0,0,85,1,0,1
2018/03/23 6:48:52 PM EST,1,2,1,3,0,0,0,0,0,0,1
2018/03/23 6:49:10 PM EST,1,2,2,1,0,1,1,69,0,0,0
2018/03/23 6:49:34 PM EST,1,2,1,0,0,0,2,50,0,0,0
2018/03/23 6:50:27 PM EST,1,2,1,1,0,0,0,75,1,0,2
2018/03/23 6:50:42 PM EST,1,2,2,4,1,0,0,70,1,0,2
2018/03/23 6:51:16 PM EST,1,2,1,1,1,0,2,20,0,0,1
2018/03/23 6:51:17 PM EST,1,2,1,1,0,1,0,100,0,0,0
2018/03/23 6:51:37 PM EST,1,2,1,0,0,1,1,0,0,0,0
2018/03/23 6:52:27 PM EST,1,2,1,1,1,0,2,20,1,0,2
2018/03/23 6:53:35 PM EST,1,2,1,1,1,0,1,30,1,0,2
2018/03/23 6:54:14 PM EST,1,0,1,2,0,0,0,180,0,0,0
2018/03/23 6:55:10 PM EST,1,2,1,2,1,0,2,0,1,0,2
2018/03/23 6:56:06 PM EST,1,2,2,1,0,0,0,80,1,0,1
2018/03/23 6:57:24 PM EST,1,2,1,0,0,0,0,35,1,0,1
2018/03/23 6:58:40 PM EST,1,2,1,3,1,0,1,120,0,0,0
2018/03/23 6:59:40 PM EST,1,2,1,4,1,0,2,100,1,0,1
2018/03/23 6:59:46 PM EST,1,2,1,2,1,0,1,50,1,0,1
2018/03/23 6:59:47 PM EST,1,2,1,0,1,0,1,40,0,0,2
2018/03/23 6:59:48 PM EST,1,2,1,2,0,0,2,50,1,0,1
2018/03/23 7:00:00 PM EST,1,2,1,2,2,0,0,20,0,0,0
2018/03/23 7:00:14 PM EST,1,2,1,1,1,0,2,40,0,0,0
2018/03/23 7:00:35 PM EST,0,2,0,0,1,0,0,100,0,0,0
2018/03/23 7:02:09 PM EST,1,2,1,1,0,0,2,80,1,0,2
2018/03/23 7:02:28 PM EST,1,2,1,1,1,0,0,50,0,0,0
2018/03/23 7:02:32 PM EST,0,2,0,0,1,0,1,100,0,0,0
2018/03/23 7:03:16 PM EST,1,2,1,2,1,0,3,40,0,0,1
2018/03/23 7:04:18 PM EST,0,2,0,0,0,0,1,100,0,0,0
2018/03/23 7:05:39 PM EST,0,2,0,1,0,0,2,30,0,0,0
2018/03/23 7:05:46 PM EST,0,2,0,0,0,1,1,50,0,0,0
2018/03/23 7:06:50 PM EST,0,2,0,0,0,1,3,0,0,0,0
2018/03/23 7:07:07 PM EST,0,2,0,1,2,2,1,50,0,0,0
2018/03/23 7:07:40 PM EST,1,2,1,1,1,0,2,75,1,0,2
2018/03/23 7:08:47 PM EST,1,2,1,1,0,0,0,300,1,0,1
2018/03/23 7:09:35 PM EST,1,2,2,3,0,0,0,20,0,0,0
2018/03/23 7:09:42 PM EST,1,2,1,1,1,0,2,150,0,0,2
2018/03/23 7:10:13 PM EST,1,2,1,0,0,1,0,23,1,0,0
2018/03/23 7:11:28 PM EST,0,1,0,0,0,1,1,20,0,0,0
2018/03/23 7:11:33 PM EST,1,2,1,3,1,1,0,0,1,0,0
2018/03/23 7:11:56 PM EST,1,2,2,2,1,2,0,25,1,0,1
2018/03/23 7:12:15 PM EST,1,2,1,2,1,0,0,0,0,0,0
2018/03/23 7:13:35 PM EST,0,2,0,1,1,0,0,5,0,0,0
2018/03/23 7:15:21 PM EST,1,2,1,1,1,0,0,20,1,0,1
2018/03/23 7:16:22 PM EST,1,2,1,2,0,0,0,20,0,0,0
2018/03/23 7:17:26 PM EST,0,2,0,1,0,0,0,50,0,0,0
2018/03/23 7:19:55 PM EST,1,2,0,0,0,0,3,0,0,0,0
2018/03/23 7:22:37 PM EST,1,2,1,1,1,0,2,20,1,0,2
2018/03/23 7:24:32 PM EST,1,2,1,1,1,1,2,40,1,0,2
2018/03/23 7:24:50 PM EST,0,2,0,2,0,0,0,40,1,0,2
2018/03/23 7:25:23 PM EST,1,2,1,0,0,0,2,200,1,0,2
2018/03/23 7:26:41 PM EST,1,2,1,2,0,0,2,50,1,1,2
2018/03/23 7:28:31 PM EST,1,2,1,3,1,0,2,100,1,1,1
2018/03/23 7:30:22 PM EST,1,2,1,3,0,0,0,150,1,0,2
2018/03/23 7:31:06 PM EST,0,2,0,1,0,1,1,0,0,0,0
2018/03/23 7:31:28 PM EST,1,2,1,1,0,0,0,5,1,0,0
2018/03/23 7:31:35 PM EST,1,2,1,4,1,0,0,0,0,0,0
2018/03/23 7:35:04 PM EST,1,2,0,2,0,0,1,8,1,0,2
2018/03/23 7:35:56 PM EST,1,2,2,2,0,1,1,40,1,0,1
2018/03/23 7:36:14 PM EST,1,2,1,2,0,0,3,100,1,0,1
2018/03/23 7:36:37 PM EST,1,2,1,1,1,0,0,0,0,0,0
2018/03/23 7:37:12 PM EST,0,2,0,2,0,0,0,200,0,0,0
2018/03/23 7:39:28 PM EST,1,2,1,1,1,0,2,50,1,0,2
2018/03/23 7:40:19 PM EST,0,0,0,2,2,0,3,30,0,0,2
2018/03/23 7:40:24 PM EST,1,2,2,3,0,0,2,20,1,0,2
2018/03/23 7:41:16 PM EST,1,2,1,3,1,0,1,40,0,0,0
2018/03/23 7:44:49 PM EST,1,2,1,1,1,0,2,70,1,0,1
2018/03/23 7:44:53 PM EST,1,0,1,2,1,0,0,150,0,0,0
2018/03/23 7:47:04 PM EST,1,2,0,1,0,1,1,100,0,0,0
2018/03/23 7:48:35 PM EST,1,2,1,4,1,0,2,35,1,0,2
2018/03/23 7:49:48 PM EST,1,2,1,1,0,0,0,140,1,0,2
2018/03/23 7:51:19 PM EST,1,0,1,1,1,0,1,60,1,0,0
2018/03/23 7:51:37 PM EST,1,2,1,1,1,1,2,300,1,1,2
2018/03/23 7:54:51 PM EST,1,2,2,2,0,1,1,60,1,0,0
2018/03/23 7:55:35 PM EST,0,2,0,2,1,1,1,20,0,0,0
2018/03/23 7:55:37 PM EST,1,2,2,2,1,0,3,100,1,0,2
2018/03/23 7:55:39 PM EST,1,2,1,0,1,0,1,40,0,0,0
2018/03/23 7:55:58 PM EST,1,2,1,3,1,0,0,40,1,0,1
2018/03/23 7:56:59 PM EST,1,2,2,0,0,1,2,100,1,0,1
2018/03/23 7:57:56 PM EST,0,2,0,2,0,1,0,25,0,0,0
2018/03/23 7:58:27 PM EST,1,2,1,2,1,0,0,60,1,0,2
2018/03/23 7:59:52 PM EST,1,2,1,1,1,0,2,70,1,1,2
2018/03/23 8:00:07 PM EST,1,1,1,3,0,0,0,40,1,0,1
2018/03/23 8:02:33 PM EST,1,0,1,1,1,0,2,100,1,0,2
2018/03/23 8:03:37 PM EST,0,2,0,0,1,0,0,50,0,0,0
2018/03/23 8:05:14 PM EST,1,2,1,3,0,0,0,50,1,0,0
2018/03/23 8:06:26 PM EST,1,2,2,0,1,0,2,80,1,0,1
2018/03/23 8:07:35 PM EST,0,2,0,1,0,1,0,50,0,0,1
2018/03/23 8:08:49 PM EST,1,2,1,1,1,0,0,5,0,0,0
2018/03/23 8:10:19 PM EST,1,1,1,4,0,1,2,0,1,1,2
2018/03/23 8:11:40 PM EST,1,2,1,2,0,1,3,100,0,0,0
2018/03/23 8:14:19 PM EST,1,2,1,2,0,0,0,75,1,0,0
2018/03/23 8:14:23 PM EST,1,2,1,1,0,1,1,300,0,0,0
2018/03/23 8:17:38 PM EST,1,2,1,1,0,1,2,45,1,0,0
2018/03/23 8:20:42 PM EST,1,2,1,2,0,0,2,100,1,0,2
2018/03/23 8:20:45 PM EST,1,2,2,3,0,0,3,10,1,0,1
2018/03/23 8:21:05 PM EST,0,2,0,2,1,0,0,100,0,0,0
2018/03/23 8:22:31 PM EST,0,2,0,2,0,1,0,20,0,0,0
2018/03/23 8:22:56 PM EST,0,2,0,1,1,0,0,30,0,0,0
2018/03/23 8:23:28 PM EST,1,2,1,4,1,1,1,0,1,0,2
2018/03/23 8:23:49 PM EST,0,2,0,0,0,1,0,35,0,0,0
2018/03/23 8:24:41 PM EST,0,1,0,0,0,1,1,55,1,0,2
2018/03/23 8:29:47 PM EST,1,2,1,2,1,1,0,50,0,0,0
2018/03/23 8:30:34 PM EST,0,2,0,2,1,0,1,0,0,0,0
2018/03/23 8:36:08 PM EST,1,2,1,2,0,0,0,100,0,0,2
2018/03/23 8:36:11 PM EST,0,2,0,1,0,0,0,250,0,0,0
2018/03/23 8:41:15 PM EST,1,2,1,0,1,0,1,30,1,0,0
2018/03/23 8:43:03 PM EST,1,2,1,2,0,0,0,40,1,0,0
2018/03/23 8:44:49 PM EST,0,2,0,2,1,0,0,20,0,0,1
2018/03/23 8:45:58 PM EST,0,2,0,2,0,0,1,75,1,0,2
2018/03/23 8:46:27 PM EST,1,2,0,2,0,0,0,50,0,0,0
2018/03/23 8:47:29 PM EST,1,2,1,1,0,0,1,100,1,0,1
2018/03/23 8:49:23 PM EST,1,2,0,4,1,0,0,20,0,0,0
2018/03/23 8:49:38 PM EST,0,2,0,1,1,0,0,100,0,0,0
2018/03/23 8:49:49 PM EST,0,2,0,0,0,1,0,50,0,0,0
2018/03/23 8:50:18 PM EST,1,2,2,0,0,1,1,70,1,0,1
2018/03/23 8:52:35 PM EST,0,2,0,0,0,0,1,50,0,0,0
2018/03/23 8:53:27 PM EST,0,2,0,0,0,1,1,100,0,0,0
2018/03/23 8:55:19 PM EST,0,2,0,1,0,0,0,40,1,0,0
2018/03/23 8:55:21 PM EST,1,2,1,1,0,0,2,2,1,1,1
2018/03/23 8:56:40 PM EST,1,2,1,1,2,1,1,100,1,0,1
2018/03/23 8:57:26 PM EST,1,2,1,2,1,0,0,60,0,0,0
2018/03/23 8:58:34 PM EST,0,2,0,0,2,1,1,0,0,0,0
2018/03/23 9:00:19 PM EST,1,2,2,0,0,0,2,0,1,1,2
2018/03/23 9:01:21 PM EST,1,2,1,2,0,0,2,60,1,0,1
2018/03/23 9:05:48 PM EST,1,2,1,2,0,0,0,75,1,0,2
2018/03/23 9:05:53 PM EST,1,2,1,2,0,0,0,75,1,0,2
2018/03/23 9:06:04 PM EST,1,2,1,2,0,0,0,75,1,0,2
2018/03/23 9:06:07 PM EST,1,2,1,2,0,0,0,75,1,0,2
2018/03/23 9:11:34 PM EST,1,2,1,2,1,0,0,100,1,0,0
2018/03/23 9:11:52 PM EST,1,2,1,1,0,0,0,40,1,0,1
2018/03/23 9:17:04 PM EST,1,2,1,4,1,0,2,35,1,0,1
2018/03/23 9:17:47 PM EST,0,2,0,0,0,1,0,0,0,0,0
2018/03/23 9:17:53 PM EST,1,2,1,3,1,0,0,50,0,0,2
2018/03/23 9:18:00 PM EST,1,2,1,1,0,1,2,300,1,0,2
2018/03/23 9:19:53 PM EST,0,2,0,2,1,0,0,0,0,0,0
2018/03/23 9:19:56 PM EST,1,2,1,2,0,0,0,100,1,0,0
2018/03/23 9:20:03 PM EST,1,2,1,2,1,0,0,25,1,0,1
2018/03/23 9:20:50 PM EST,0,2,0,2,1,0,0,50,0,0,0
2018/03/23 9:23:00 PM EST,0,2,0,1,1,0,1,0,0,0,0
2018/03/23 9:23:37 PM EST,1,2,1,2,0,1,0,50,1,0,1
2018/03/23 9:24:36 PM EST,1,2,1,1,2,0,1,50,0,0,2
2018/03/23 9:25:36 PM EST,1,2,1,1,0,1,0,20,1,0,1
2018/03/23 9:26:19 PM EST,1,2,1,0,1,0,0,200,1,0,2
2018/03/23 9:37:51 PM EST,0,2,1,2,1,0,0,60,0,0,0
2018/03/23 9:37:58 PM EST,1,2,1,1,1,0,2,150,1,0,2
2018/03/23 9:44:10 PM EST,1,2,1,2,1,0,0,70,0,0,0
2018/03/23 9:47:43 PM EST,1,2,1,2,1,0,1,20,0,0,0
2018/03/23 9:49:39 PM EST,0,2,0,1,1,0,1,100,0,0,0
2018/03/23 9:50:57 PM EST,1,2,1,0,0,1,1,30,1,0,2
2018/03/23 9:52:17 PM EST,1,2,2,4,1,0,2,25,1,0,1
2018/03/23 9:52:25 PM EST,1,2,1,0,1,0,3,50,1,0,1
2018/03/23 9:52:37 PM EST,1,2,1,1,0,0,2,60,1,0,1
2018/03/23 9:54:01 PM EST,0,2,0,0,0,0,0,50,0,0,0
2018/03/23 9:57:15 PM EST,1,2,1,2,1,0,0,90,1,0,0
2018/03/23 9:58:24 PM EST,1,2,1,1,0,0,0,200,0,0,0
2018/03/23 9:59:10 PM EST,0,2,0,1,2,0,0,0,0,0,0
2018/03/23 9:59:32 PM EST,1,2,1,3,1,0,2,20,1,0,2
2018/03/23 10:01:26 PM EST,1,2,1,2,1,0,0,20,0,0,0
2018/03/23 10:02:35 PM EST,0,2,0,2,0,0,0,35,0,0,0
2018/03/23 10:10:19 PM EST,0,2,0,1,1,0,1,80,0,0,0
2018/03/23 10:10:41 PM EST,1,2,1,1,0,0,2,50,1,0,2
2018/03/23 10:10:55 PM EST,1,2,1,3,0,0,0,50,0,0,0
2018/03/23 10:11:00 PM EST,1,2,1,2,2,1,0,100000,1,0,2
2018/03/23 10:12:29 PM EST,1,2,1,2,0,1,0,35,0,0,0
2018/03/23 10:13:52 PM EST,1,2,2,0,1,0,2,300,1,0,2
2018/03/23 10:14:26 PM EST,1,2,1,2,0,0,1,200,1,1,0
2018/03/23 10:22:50 PM EST,1,2,2,0,0,0,1,250,1,0,0
2018/03/23 10:24:03 PM EST,1,2,1,3,1,1,1,50,0,0,0
2018/03/23 10:25:25 PM EST,1,2,2,1,1,0,0,100,1,0,0
2018/03/23 10:25:36 PM EST,1,2,1,0,0,0,1,200,1,0,2
2018/03/23 10:28:20 PM EST,0,2,0,1,1,0,1,25,0,0,0
2018/03/23 10:28:31 PM EST,0,2,0,1,1,1,0,200,0,0,0
2018/03/23 10:30:47 PM EST,1,2,1,0,0,0,1,50,1,0,1
2018/03/23 10:32:29 PM EST,0,2,0,0,0,0,0,200,0,0,0
2018/03/23 10:35:14 PM EST,1,2,1,3,1,0,2,100,0,0,2
2018/03/23 10:36:10 PM EST,1,2,1,1,1,0,1,150,0,0,2
2018/03/23 10:39:24 PM EST,1,2,1,2,0,1,1,0,1,0,0
2018/03/23 10:40:06 PM EST,1,2,1,1,0,0,0,200,1,0,1
2018/03/23 10:42:16 PM EST,1,2,2,2,0,1,0,0,0,0,0
2018/03/23 10:45:06 PM EST,0,2,0,2,0,0,0,40,0,0,0
2018/03/23 10:46:27 PM EST,1,2,1,2,0,0,2,100,0,0,2
2018/03/23 10:49:07 PM EST,0,2,0,2,0,0,0,20,0,0,0
2018/03/23 10:49:18 PM EST,0,2,0,0,0,0,1,50,0,0,0
2018/03/23 10:50:35 PM EST,0,2,0,2,1,0,0,40,0,0,2
2018/03/23 10:52:00 PM EST,1,2,1,3,1,0,0,40,1,0,1
2018/03/23 10:52:55 PM EST,0,2,0,1,0,0,0,50,0,0,0
2018/03/23 10:57:37 PM EST,1,2,1,3,1,0,0,35,1,0,0
2018/03/23 11:01:00 PM EST,1,2,1,0,1,1,1,50,1,0,0
2018/03/23 11:02:55 PM EST,1,2,1,2,1,0,0,50,1,0,2
2018/03/23 11:03:57 PM EST,1,2,0,1,0,0,1,15,0,0,0
2018/03/23 11:05:04 PM EST,0,2,0,2,1,0,0,0,0,0,0
2018/03/23 11:08:10 PM EST,1,2,1,2,1,0,2,100,0,0,0
2018/03/23 11:09:53 PM EST,1,2,2,2,1,0,0,85,0,0,0
2018/03/23 11:10:29 PM EST,1,2,1,3,0,0,0,25,0,0,0
2018/03/23 11:12:31 PM EST,1,2,2,1,1,0,2,60,1,0,2
2018/03/23 11:13:17 PM EST,1,2,0,4,1,0,1,60,1,0,0
2018/03/23 11:17:47 PM EST,1,2,1,0,0,0,1,80,0,0,0
2018/03/23 11:20:33 PM EST,0,2,0,2,0,2,1,100,0,0,0
2018/03/23 11:23:55 PM EST,1,2,1,4,1,0,0,50,1,1,2
2018/03/23 11:25:25 PM EST,1,0,1,3,0,0,1,50,1,0,0
2018/03/23 11:25:30 PM EST,0,2,0,0,2,2,0,10,0,0,0
2018/03/23 11:27:18 PM EST,1,2,2,4,1,0,1,100,1,0,0
2018/03/23 11:31:48 PM EST,0,2,0,1,0,0,1,20,1,0,0
2018/03/23 11:33:12 PM EST,0,2,0,2,1,0,1,100,0,0,0
2018/03/23 11:33:41 PM EST,0,2,0,2,1,1,1,20,0,0,0
2018/03/23 11:35:46 PM EST,1,2,1,0,1,0,0,23,1,0,2
2018/03/23 11:39:27 PM EST,0,1,0,1,0,1,0,200,0,0,0
2018/03/23 11:40:43 PM EST,1,2,1,2,1,0,0,50,1,0,1
2018/03/23 11:45:23 PM EST,1,2,1,0,1,1,1,50,1,0,1
2018/03/23 11:48:55 PM EST,1,2,1,3,0,0,1,5,1,0,1
2018/03/23 11:50:04 PM EST,1,2,1,3,1,0,1,40,0,0,0
2018/03/23 11:58:22 PM EST,0,2,0,2,0,1,0,50,0,0,0
2018/03/24 12:08:11 AM EST,0,2,0,2,0,1,0,40,0,0,0
2018/03/24 12:09:41 AM EST,1,2,0,2,0,1,0,100,0,0,0
2018/03/24 12:10:04 AM EST,1,2,0,0,0,0,1,100,0,0,0
2018/03/24 12:14:05 AM EST,1,2,2,1,1,0,2,20,1,1,1
2018/03/24 12:15:04 AM EST,1,2,1,2,1,1,0,50,1,1,1
2018/03/24 12:19:55 AM EST,1,2,1,1,1,0,2,40,1,0,2
2018/03/24 12:20:07 AM EST,1,2,0,1,1,0,0,30,0,0,0
2018/03/24 12:29:02 AM EST,0,2,0,1,0,0,1,0,0,0,0
2018/03/24 12:30:27 AM EST,1,2,2,1,1,0,2,30,1,0,2
2018/03/24 12:33:06 AM EST,0,2,0,4,1,0,1,120,0,0,0
2018/03/24 12:40:17 AM EST,1,2,1,1,1,0,2,0,1,0,1
2018/03/24 12:41:11 AM EST,1,2,1,3,1,0,0,50,1,0,2
2018/03/24 12:42:31 AM EST,1,2,1,1,0,0,2,50,0,0,1
2018/03/24 12:46:21 AM EST,0,2,0,1,0,0,0,0,0,0,0
2018/03/24 12:46:43 AM EST,1,2,1,2,1,0,2,300,1,0,2
2018/03/24 12:54:07 AM EST,1,2,2,2,1,0,1,20,0,0,0
2018/03/24 12:55:04 AM EST,1,2,1,3,0,1,1,250,0,0,0
2018/03/24 12:57:29 AM EST,1,2,1,3,0,1,0,10,0,0,0
2018/03/24 12:59:14 AM EST,1,2,0,2,1,0,0,20,0,0,2
2018/03/24 1:07:37 AM EST,1,2,1,1,1,0,0,200,1,0,1
2018/03/24 1:16:18 AM EST,0,2,0,2,1,0,1,100,0,0,0
2018/03/24 1:25:13 AM EST,1,2,1,1,0,1,0,25,0,0,0
2018/03/24 1:29:05 AM EST,0,2,0,1,0,1,0,40,0,0,0
2018/03/24 1:34:01 AM EST,0,2,0,2,0,1,1,0,0,0,0
2018/03/24 1:39:20 AM EST,1,2,0,2,0,1,1,40,0,0,0
2018/03/24 1:40:24 AM EST,1,2,1,1,0,0,2,50,1,0,1
2018/03/24 1:46:20 AM EST,1,2,2,1,1,0,1,30,1,0,1
2018/03/24 1:46:37 AM EST,1,2,1,1,1,0,2,40,1,0,2
2018/03/24 2:13:10 AM EST,1,2,1,1,0,0,3,100,0,0,0
2018/03/24 2:24:36 AM EST,1,2,2,1,0,0,0,75,1,0,0
2018/03/24 2:48:56 AM EST,1,2,1,3,1,0,0,80,0,0,0
2018/03/24 3:03:46 AM EST,1,2,0,0,1,0,0,100,0,0,0
2018/03/24 3:05:02 AM EST,0,2,0,0,1,0,1,70,0,0,0
2018/03/24 3:20:52 AM EST,1,2,1,1,1,0,0,20,0,0,0
2018/03/24 3:43:51 AM EST,0,2,0,1,1,0,1,50,0,0,0
2018/03/24 4:01:42 AM EST,1,2,1,1,0,0,2,300,1,0,1
2018/03/24 4:15:58 AM EST,0,2,0,1,0,0,1,40,0,0,0
2018/03/24 4:29:53 AM EST,1,2,1,1,0,1,2,60,1,1,1
2018/03/24 4:32:31 AM EST,1,2,0,2,1,1,1,0,0,0,0
2018/03/24 4:40:12 AM EST,0,2,0,2,1,1,0,20,0,0,0
2018/03/24 4:53:27 AM EST,0,2,0,2,1,0,0,60,0,0,0
2018/03/24 4:59:40 AM EST,1,0,1,4,1,0,1,40,1,0,2
2018/03/24 5:02:37 AM EST,0,2,0,4,0,0,1,50,0,0,0
2018/03/24 5:04:38 AM EST,1,2,1,1,1,0,2,30,1,0,2
2018/03/24 5:07:20 AM EST,1,2,2,3,1,0,0,50,1,0,1
2018/03/24 5:12:41 AM EST,1,2,1,2,0,0,0,60,0,0,0
2018/03/24 5:17:22 AM EST,1,2,1,2,1,0,2,50,1,0,2
2018/03/24 5:25:38 AM EST,0,2,0,3,2,0,1,50,0,0,0
2018/03/24 5:30:25 AM EST,1,2,1,1,0,0,0,100,1,0,0
2018/03/24 5:42:44 AM EST,0,2,0,2,1,0,1,0,0,0,0
2018/03/24 5:45:03 AM EST,0,2,0,2,0,0,0,40,1,0,2
2018/03/24 5:54:09 AM EST,0,2,0,1,1,1,0,100,0,0,0
2018/03/24 6:10:44 AM EST,1,2,1,2,1,0,2,15,1,0,2
2018/03/24 6:11:49 AM EST,1,2,2,4,1,1,1,5,0,0,1
2018/03/24 6:15:40 AM EST,1,2,1,2,1,0,1,40,0,0,0
2018/03/24 6:25:35 AM EST,1,2,0,0,1,0,0,50,0,0,0
2018/03/24 6:33:08 AM EST,1,1,1,3,0,1,0,15,0,0,0
2018/03/24 6:35:01 AM EST,1,2,1,1,0,2,2,20,1,0,1
2018/03/24 6:55:24 AM EST,1,2,1,2,0,1,2,40,0,0,0
2018/03/24 7:02:15 AM EST,1,2,1,2,2,1,2,15,0,0,2
2018/03/24 7:16:49 AM EST,1,2,1,2,1,0,2,100,1,0,2
2018/03/24 7:32:37 AM EST,1,2,1,3,0,0,2,45,1,0,2
2018/03/24 7:37:16 AM EST,0,2,0,1,1,0,0,50,1,0,0
2018/03/24 7:55:48 AM EST,1,2,1,1,1,1,1,20,1,0,2
2018/03/24 8:12:56 AM EST,1,2,1,1,1,0,1,100,1,0,2
2018/03/24 8:26:46 AM EST,1,2,1,2,1,0,0,35,1,0,2
2018/03/24 8:44:11 AM EST,1,2,1,4,0,0,0,25,1,0,2
2018/03/24 9:21:46 AM EST,1,2,1,1,1,0,1,20,1,0,1
2018/03/24 9:25:03 AM EST,1,2,0,0,1,0,1,50,0,0,0
2018/03/24 9:27:15 AM EST,0,2,0,2,0,1,1,0,0,0,0
2018/03/24 9:27:36 AM EST,1,2,1,1,1,0,2,60,1,1,1
2018/03/24 9:36:36 AM EST,1,2,1,1,0,0,2,30,1,0,2
2018/03/24 9:58:02 AM EST,0,2,0,1,0,0,0,50,1,0,2
2018/03/24 10:47:08 AM EST,0,2,0,0,0,0,0,0,0,0,0
2018/03/24 11:01:52 AM EST,0,2,0,0,0,0,1,80,0,0,0
2018/03/24 11:04:29 AM EST,1,2,1,1,1,0,0,30,1,0,0
2018/03/24 11:05:04 AM EST,1,2,1,1,0,1,2,50,1,0,2
2018/03/24 11:19:52 AM EST,1,2,1,3,1,0,0,70,0,0,1
2018/03/24 11:43:34 AM EST,1,2,1,3,0,1,0,0,1,0,1
2018/03/24 12:31:40 PM EST,1,2,1,1,1,0,1,20,1,0,0
2018/03/24 12:59:22 PM EST,0,1,0,2,0,1,0,20,0,0,0
2018/03/24 1:11:03 PM EST,0,2,0,1,0,1,0,50,0,0,0
2018/03/24 1:11:32 PM EST,1,2,1,2,1,1,0,10,0,0,0
2018/03/24 1:17:49 PM EST,1,2,1,2,0,1,1,20,1,0,2
2018/03/24 1:20:43 PM EST,1,2,1,0,0,0,2,48,1,0,1
2018/03/24 2:07:49 PM EST,1,2,0,2,1,1,1,50,1,0,2
2018/03/24 2:27:02 PM EST,0,2,0,2,0,1,0,5,0,0,0
2018/03/24 2:44:00 PM EST,1,2,1,0,1,0,0,30,0,0,0
2018/03/24 3:47:33 PM EST,1,2,1,1,1,0,3,200,1,1,2
2018/03/24 3:55:46 PM EST,0,2,0,0,1,0,1,50,0,0,0
2018/03/24 4:00:25 PM EST,1,2,1,2,0,1,3,40,1,0,0
2018/03/24 4:16:49 PM EST,1,2,1,1,1,0,0,90,1,0,1
2018/03/24 4:28:00 PM EST,0,2,0,0,1,0,0,100,0,0,0
2018/03/24 4:34:52 PM EST,0,2,0,1,1,0,0,20,0,0,0
2018/03/24 4:54:56 PM EST,1,2,1,2,1,0,0,100,1,0,2
2018/03/24 5:23:42 PM EST,1,2,1,2,0,0,1,20,1,0,2
2018/03/24 5:42:07 PM EST,1,2,1,0,1,0,0,70,1,0,2
2018/03/24 5:48:15 PM EST,1,2,1,1,1,0,2,100,1,0,2
2018/03/24 6:13:31 PM EST,1,2,1,2,1,0,3,100,0,0,0
2018/03/24 6:28:47 PM EST,1,2,1,1,1,0,0,20,1,0,2
2018/03/24 6:31:32 PM EST,0,2,0,2,0,0,1,0,0,0,0
2018/03/24 9:12:45 PM EST,0,2,0,2,0,0,0,0,0,0,0
2018/03/25 12:42:15 AM EST,1,2,1,2,0,1,2,30,1,0,1
2018/03/25 7:36:01 AM EST,1,2,0,2,1,0,0,150,0,0,0
2018/03/25 7:44:16 AM EST,1,2,1,2,0,0,1,50,1,0,0
2018/03/25 8:05:42 AM EST,1,2,1,2,0,0,0,50,1,0,1
2018/03/25 12:22:28 PM EST,1,2,1,2,1,1,0,50,1,0,2
2018/03/25 12:50:33 PM EST,0,2,0,2,1,0,0,10,0,0,0
2018/03/25 4:38:58 PM EST,0,2,0,0,0,0,0,70,0,0,0
2018/03/25 5:45:25 PM EST,1,2,0,1,1,0,0,50,0,0,0
2018/03/25 5:49:07 PM EST,1,2,0,2,0,1,0,25,1,0,1
2018/03/25 6:28:21 PM EST,1,2,1,2,1,0,2,0,1,0,2
2018/03/25 7:00:08 PM EST,1,2,1,4,1,0,0,200,0,0,0
2018/03/26 12:54:11 AM EST,1,2,1,2,1,0,0,100,1,0,2
2018/03/26 2:39:05 AM EST,1,2,0,2,0,0,0,0,0,0,2
2018/03/26 9:11:34 AM EST,0,2,0,0,0,0,1,50,0,0,0
2018/03/26 9:11:39 AM EST,0,2,0,0,0,0,1,50,0,0,0
2018/03/26 9:24:40 AM EST,1,2,2,2,0,0,1,30,1,0,1
2018/03/26 3:51:42 PM EST,0,2,0,2,1,0,1,0,0,0,0
2018/03/26 9:49:30 PM EST,1,2,1,0,0,1,0,100,0,0,2
2018/03/27 1:34:53 AM EST,1,2,1,1,1,1,0,5,1,0,2
2018/03/27 1:57:21 AM EST,0,2,0,1,1,0,0,10,0,0,0
2018/03/27 3:43:08 AM EST,1,2,1,3,1,0,2,80,0,1,0
2018/03/27 6:54:38 AM EST,1,2,1,3,1,1,0,20,1,0,0
2018/03/27 3:35:08 PM EST,1,2,1,1,1,0,2,50,1,0,2
2018/03/27 5:04:43 PM EST,0,2,0,1,1,0,0,50,0,0,0
2018/03/27 5:49:57 PM EST,1,2,1,2,0,0,1,40,1,0,0
2018/03/27 5:58:07 PM EST,0,1,0,2,0,1,1,150,0,0,0
2018/03/27 7:20:06 PM EST,1,2,1,3,0,1,0,120,1,0,2
2018/03/27 10:42:51 PM EST,1,2,1,2,0,1,0,10,0,0,0
2018/03/28 12:39:19 AM EST,0,2,0,0,0,0,1,50,0,0,0
2018/03/30 7:27:51 PM EST,1,2,0,0,1,0,1,100,0,0,0
2018/03/31 8:23:52 AM EST,0,2,0,1,0,0,1,0,0,0,0
2018/04/01 3:40:15 PM EST,1,2,1,3,1,0,2,10,1,0,2
2018/04/02 8:30:01 AM EST,0,2,0,2,0,0,0,30,0,0,0
